{
  "all": {
    "n": 2000,
    "PSNR_full": 29.62491798400879,
    "SSIM_full": 0.9430490136146545,
    "PSNR_hole": 19.620563507080078,
    "LPIPS": 0.03797454759478569,
    "L1_hole": 0.06294019520282745,
    "FID": 4.135620594024658
  },
  "small (<10%)": {
    "n": 597,
    "PSNR_full": 32.96710205078125,
    "SSIM_full": 0.9722689986228943,
    "PSNR_hole": 20.068571090698242,
    "LPIPS": 0.01849062740802765,
    "L1_hole": 0.0593380443751812
  },
  "medium (10-20%)": {
    "n": 1014,
    "PSNR_full": 28.895740509033203,
    "SSIM_full": 0.9405906200408936,
    "PSNR_hole": 19.673181533813477,
    "LPIPS": 0.039303798228502274,
    "L1_hole": 0.06239470839500427
  },
  "large (>=20%)": {
    "n": 389,
    "PSNR_full": 26.396381378173828,
    "SSIM_full": 0.90461266040802,
    "PSNR_hole": 19.342304229736328,
    "LPIPS": 0.06441166996955872,
    "L1_hole": 0.06554432213306427
  }
}
